,pseado,tweet,lesreaction
0,lnx62@lnx621·7 janv.,Actualité : CES 2020 – Le BMW iX Flow adopte la technologie E-Ink pour sa carrosserie,
1,Jérôme Colombain@JeromeColombain·8 janv.,"Attraction du #CES2022 la #BMW IX Flow qui change de couleur grâce un film sur la carrosserie à encre électronique e-ink  Pour le grand public, ce n’est pas pour tout de suite","10 réponses, 27 Retweets, 105 J'aime"
2,Julien Le Clézio@JulienLeClezio·8 janv.,Voici la BMW iX Flow avec une carrosserie E-Ink qui peut changer de couleur.,
3,EmmanuellePrsc@EmmanuellePrsc·10 janv.,"BMW  a dévoilé lors du CES 2022, son innovation ""BMW iX Flow"" En collaboration avec E Ink( compagnie spécialiste en encre électronique). Ce 4×4 est doté de technologie electrophoretique qui lui permet  de changer de couleur en temps réel.
 Crédits : Matematt3 ( Reddit)",1 Retweet
4,20 minutes@20minutesOnline·7 janv.," BMW a présenté un nouveau modèle de voiture, nommé iX Flow, lors du salon annuel de l’électronique grand public, le CES de Las Vegas. Elle pourrait devenir un véritable cauchemar pour la police, car elle change de couleur.","2 réponses, 6 Retweets, 9 J'aime"
5,The FactWin@Officialfactwin·18 janv.,"BMW COLOUR CHANGEING CAR IX FLOW 
https://youtu.be/XrEHOaQxHsk
#Factwin #BMW #BMWiXflow",
6,Jérôme Colombain@JeromeColombain·8 janv.,"Attraction du #CES2022 la #BMW IX Flow qui change de couleur grâce un film sur la carrosserie à encre électronique e-ink  Pour le grand public, ce n’est pas pour tout de suite","10 réponses, 27 Retweets, 105 J'aime"
7,Julien Le Clézio@JulienLeClezio·8 janv.,Voici la BMW iX Flow avec une carrosserie E-Ink qui peut changer de couleur.,
8,Melita Gine@bengangaigine·16 janv.,"@darell58 c'est quoi ce mastodonte  
Bmw ix flow ","3 réponses, 5 J'aime"
9,FandeBagnoles.fr@fandebagnoles·11 janv.,BMW IX FLOW - Elle Change de Couleur. https://fandebagnoles.fr/2022/01/11/bmw-ix-flow-elle-change-de-couleur/…,
10,ÉCHOS DE LA RDC@ViveCongo·7 janv.,"SALON DE LA TECH - BMW fait sensation au CES de Las Vegas en présentant l'iX Flow, un prototype de son SUV électrique capable de modifier la couleur de sa carrosserie en quelques secondes seulement. Une nouvelle technologie développée en collaboration avec l'entreprise E-Ink.",2 J'aime
11,Le Café du Geek@LeCafeDuGeek·8 janv.,"BMW iX Flow : la voiture qui peut changer de couleur – CES 2022
 https://lecafedugeek.fr/bmw-ix-flow-la-voiture-qui-peut-changer-de-couleur-ces-2022…
#actu #bmw #ces #eink #news #voitureelectrique","7 Retweets, 27 J'aime"
12,Amîn | @aminluxN·7 janv.,"vous avez vu la iX Flow de BMW au #CES2022.
???
Une caméléon de Voiture lol","1 réponse, 2 J'aime"
13,Génération-NT@GNT_fr·8 janv.,BMW iX Flow : quand la carrosserie change de couleur avec l'encre électronique https://generation-nt.com/bmw-ix-flow-encre-electronique-e-ink-carrosserie-actualite-1996457.html… #BMWIXFlow,1 J'aime
14,Fabien Prévots@fabienprevots·8 janv.,FRENCHNEWTECH BMW iX Flow : l’incroyable carrosserie E Ink qui change de couleur à la demande http://dlvr.it/SGlNmZ #science #innovation #futurasciences,"1 Retweet, 1 J'aime"
15,Robot De l'Info@RDelinfo·20 avr.,"Pourquoi une voiture qui change de couleurs ? - https://1001rss.com/pourquoi-une-voiture-qui-change-de-couleurs/2022/04/19/…
BMW iX Flow, la voiture qui change de couleurs. Vous en avez forcément entendu parler mais est-ce que vous connaissez l'histoire derrière cette prouesse ?
• On parle aussi de tech sur Instagram : ...
Vo...",
16,DigiTechnologie@TechnologieDigi·11 janv.,"Lors du CES, BMW Group a surpris toutes les personnes présentes en présentant une voiture qui change la couleur de sa carrosserie : la BMW iX Flow.

#BMW #voiture #hightech","2 Retweets, 3 J'aime"
17,Capital@MagazineCapital·6 janv.,"Avec le iX Flow, BMW invente la voiture qui change de couleur

https://buff.ly/3sZWafl","1 Retweet, 2 J'aime"
19,LosPollosHermanos@LosPoll63976350·8 janv.,Actualité : CES 2022 – BMW iX Flow et E-Ink : changer la couleur de sa carrosserie en un clic,
20,BMW Group France@BMWGroupFrance·10 juin,"#Innovation   Émotion
                  
#PlaisirDeConduire
#TheatreScreen, #BMWiXFlow, #DigitalArtMode... Décryptage des innovations #tech made in #BMWGroup qui marqueront 2022 d'une pierre blanche. #Design",
21,AutoJournalMag@AutoJournalMag·24 mai,Et si vous pouviez changer la couleur de votre voiture rien qu'en y pensant ? BMW innove avec son concept-car iX Flow dont la carrosserie peut désormais varier de tons par le biais de la neuro-technologie.,"2 Retweets, 5 J'aime"
22,Netguide@netguide·8 janv.,Par Le Café du Geek : BMW iX Flow : la voiture qui peut changer de couleur – CES 2022,"1 réponse, 1 Retweet, 2 J'aime"
23,Salvatore Lenzi@sal_lenzi·7 janv.,BMW iX Flow : une nouvelle carrosserie qui peut changer de couleur ! |,1 Retweet
24,Les Technos (Podcast)@LesTechnos·10 janv.,"Bonus 335 : Pare-brise en réalité augmentée, BMW iX FLOW",
25,YoouKubeBot@YoouKube·9 janv.,BMW iX Flow : quand la carrosserie change de couleur avec l'encre électronique,
26,Matevoux@matevoux·13 janv.,BMW unveils iX Flow concept car that changes colors,
27,Fast-tuningmag.com@fast_tuningmag·7 janv.,"Le revêtement de la surface de la BMW iX Flow utilisant la technologie E Ink contient plusieurs millions de microcapsules, d'un diamètre équivalent à l'épaisseur d'un cheveu humain. Making of Film BMW iX Flow featuring E Ink https://press.bmwgroup.com/dRVO3",
28,Sustainability@NewEngl27684295·12 janv.,BMW iX Flow concept car changes color at CES 2022 #MotherNature #Globe #Nature #Earth #Future [Video] http://dlvr.it/SH0LHG,
29,JustGeek@JustGeek·8 janv.,"BMW iX Flow : une voiture qui change de couleur en une demi-seconde !

 https://justgeek.fr/bmw-ix-flow-une-voiture-qui-change-de-couleur-en-une-demi-seconde-91720/…
#BMW #BMWiXFlow #Voiture #CES2022 #Caméléon #HighTech #Tech",1 Retweet
30,SeeBee - No #FakeMed@c_est_bath·11 janv.,CES 2022 – BMW iX Flow et E-Ink : changer la couleur de sa carrosserie en un clic - Les Numériques,1 Retweet
31,Annonces Automobile@annoncesauto·3 avr.,"CES LAS VEGAS : BMW iX Flow…  La voiture caméléon, MACA - entre hélicoptère et supercar, Partenariat Stellantis - Amazon",
32,Brenp.com@BrenpCom·19 mai,BMW iX Flow un concept #Car que #Cambia de #Color https://brenp.com/bmw-ix-flow-un-concept-car-que-cambia-de-color/… #Energía #Tecnología,
33,Les Numériques@lesnums·7 janv.,"En collaboration avec E-Ink, le spécialiste de l’encre électronique pour liseuses, BMW a présenté le concept-car iX Flow. Sa carrosserie est capable de passer du noir au blanc et vice versa, le tout en un clic. Alors gadget ou réelle utilité ?",
34,John BOISGUÉNÉ(JOBO)@boisgueneIT·9 janv.,"Sur simple pression d’un bouton, la #BMW iX Flow Concept change de couleur au gré de vos envies !","1 Retweet, 2 J'aime"
35,Sako Adams@sakofis·8 janv.,"(BMW iX Flow : l’incroyable carrosserie E Ink qui change de couleur à la demande) on News, Sciences , Nouvelles Technologies et Découvertes - https://mesexemples.com/bmw-ix-flow-lincroyable-carrosserie-e-ink-qui-change-de-couleur-a-la-demande/…",1 J'aime
36,automobile.tn@AutomobileTN·10 janv.,"La BMW iX Flow, développée en collaboration avec E Ink, sera présentée en première mondiale au CES 2022.",
37,Sport Auto@SportAutoMag·24 mai,Et si vous pouviez changer la couleur de votre voiture rien qu’en y pensant ? BMW innove avec son concept-car iX Flow dont la carrosserie peut désormais varier de tons par le biais de la neuro-technologie ! ,"1 réponse, 1 Retweet"
38,Kevin KOFFI@Angloha_·15 janv.,"""La BMW iX Flow et les écrans QD-OLED ont tout raflé au CES à vos yeux"" https://ift.tt/3n6WYeG #AnglohaTech #Anglohasys",2 J'aime
39,7sur7@7sur7·8 janv.,"BMW dévoile un véhicule qui change de couleur en temps réel: BMW vient de présenter sa dernière innovation appelée “BMW iX Flow”, un 4×4 qui peut changer de couleur en temps réel lors du Consumer Electronics Show (CES) qui se déroule en ce début janvier…",
40,Belga@dud1970·23 janv.,"BMW dévoile la première voiture « à couleur changeante » au monde, la BMW iX Flow, voici comment cela fonctionne https://wazacars.com/bmw-ix-flow/ via @wpsharebuttons","1 réponse, 1 Retweet"
41,Investor News@newsfilterio·7 janv.,BMW's new iX Flow concept car can change colors $BMW-DE $AMZN https://newsfilter.io/articles/bmws-new-ix-flow-concept-car-can-change-colors-bb745716e600d0028fbbe2bac80e41e5…,
42,John BOISGUÉNÉ(JOBO)@boisgueneIT·9 janv.,"Sur simple pression d’un bouton, la #BMW iX Flow Concept change de couleur au gré de vos envies !",
43,Les Technos (Podcast)@LesTechnos·10 janv.,"Pare-brise en réalité augmentée, BMW iX FLOW http://dlvr.it/SGqDkN #podcast",1 J'aime
44,Mathieu Piton@MathieuPiton·8 janv.,BMW iX Flow : une voiture qui change de couleur en une demi-seconde !:,2 Retweets
45,Ugo Turner@UgoTurner·10 janv.,BMW iX Flow : quand la carrosserie change de couleur avec l'encre électronique :,
46,BorisW@PGeek @boriswapgeek·14 janv.,La BMW iX Flow et les écrans QD-OLED ont tout raflé au CES à vos yeux >> Frandroid <<,
47,AutoJournalMag@AutoJournalMag·7 juin,BMW innove avec son concept-car iX Flow dont la carrosserie peut désormais varier de tons par le biais de la neuro-technologie !,
48,Bobe'bot@Bobe_bot·8 janv.,BMW iX Flow : l’incroyable carrosserie E Ink qui change de couleur à la demande (Les dernières actualités de Futura-Sciences),3 J'aime
49,CLERGET@ac_anouck·10 janv.,"Je suis plutôt Mini ( même si Mini fait partie du groupe BMW ) mais alors là chapeau  
nouvelle technologie et esthétique réunis 
BMW iX Flow la voiture qui change de couleur https://youtu.be/4lQGb2BcTaw via @YouTube",
50,"Alors, ça roule?@Alorscaroule·6 janv.","La BMW iX Flow peut changer la couleur de sa carrosserie, et c’est bien plus qu’un gadget #BMW https://frandroid.com/marques/bmw/1182049_la-bmw-ix-flow-peut-changer-la-couleur-de-sa-carrosserie-et-cest-bien-plus-quun-gadget… via @Frandroid",
51,Malay Mail@malaymail·10 janv.,BMW's iX Flow can change colour in seconds | Malay Mail https://bit.ly/3HTyGNn,
52,DEEZ@EslarnerZeitung·10 févr.,BMW dévoile la première voiture qui change la couleur de sa carrosserie en un clin d’œil : la iX Flow !,"2 Retweets, 1 J'aime"
53,L’Observatoire Cetelem@obs_cetelem·25 janv.,"#BMW

Une @BMW qui change de couleur en 2 secondes seulement ? Découvrez la star du @CES, le SUV électrique iX Flow !
#CES2022
Vu dans l'Œil de l'#ObservatoireCetelem :
https://bnpp.lk/EM9XxE",
54,Imran Siddique@imran38861618·11 janv.,BMW unveils iX Flow concept car that changes colors,2 J'aime
